[
  {
    "id": "1",
    "name": "Tony Stark",
    "quote": "I used this to advance my career."
},
  {
    "id": "2",
    "name": "Superman",
    "quote": "I struggled to find some education for my kid, luckily capers fit just right in."
},
  {
    "id": "3",
    "name": "Darkseid",
    "quote": "Capers helped me finding the antilife equation."
}, 
  {
    "id":"4",
    "name": "Rocky Bhai",
    "quote": "gov job gob job gob job i don't like it i avoid but gob job  likes evry girls father i can't avoid. capers helped me for finding gob job."  
}
]
