[
  {
    "id": "1",
    "name": "Multi-Tasking Staff -DirectorGeneral Armed Forces Medical Services",
    "post": "Gardener,Watchman,Peon ,Messenger,Sweeper,Daftary",
    "age limit": " 18 to 25 years ",
    "salary": "Rs 18000 to 56000",
    "location": "all over India"
  },
  {
    "id": "2",
    "name": "Ordence factory board apprenticeship",
    "post": "non ITI apprentice",
    "age limit": "18 to 25 years",
    "salary": "Rs 0.9 Lakhs to ₹ 1.2 Lakhs./year",
    "location": "all over India"
  },
  {
    "id": " 3",
    "name": " BSF Constable ",
    "post": "general constable duty",
    "age limit": "18 to 23 years ",
    "salary": " Rs 21700 to 69100 ",
    "location": "The functional areas of BSF include the India-Pakistan border and India-Bangladesh border "
  },
  {
    "id": "4",
    "name": " ITBP Constable ",
    "post": "general constable duty",
    "age limit": "18 to 23 years",
    "salary": "21700 to 69000 ",
    "location": " ITBP is deployed in the India- China border region "
  },
  {
    "id": "5",
    "name": " Assam Rifiles",
    "post": "general constable duty",
    "age limit": "18 to 23 years",
    "salary": "RS 21000 to 69000",
    "location": "Location: bordar of Assam and Myanmar"
  },
  {
    "id": " 6 ",
    "name": " navy ",
    "post": "MR entry(chif and Steward) ",
    "age limit": "18 to 21 years",
    "salary": "20000 rs Approximately",
    "location": "all over Indian Oceans"
  }
]